,mutant,0,39,156,625,2500,cefotaxime,0_1,0_2,10_1,39_1,39_2,156_1,156_2,625_1,625_2,2500_1,2500_2,km,vmax,mutation_effect_prediction_vae_ensemble,mutation_effect_prediction_vae_1,mutation_effect_prediction_vae_2,mutation_effect_prediction_vae_3,mutation_effect_prediction_vae_4,mutation_effect_prediction_vae_5,mutation_effect_prediction_pairwise,mutation_effect_prediction_independent
0,H24C,0.022702344,0.045890139,-0.025738193,0.018871156,-0.418259925,-0.031940758,-0.037094619,0.082499307,0.002591313,-0.042346297,0.134126575,-0.010196878,-0.041279508,-0.014684342,0.052426653,-0.319356518,-0.517163332,0.785765464,1.519963852,,,,,,,,
1,H24E,0.011387119,-0.012635759,-0.018954701,-0.0204358,-0.279024169,0.016456014,0.013497391,0.009276846,0.054103653,-0.01967789,-0.005593628,0.001570742,-0.039480144,-0.034798015,-0.006073584,-0.200042482,-0.358005855,0.757582777,1.502589239,,,,,,,,
2,H24D,0.042301356,0.017005294,0.018951436,0.006742876,-0.18160661,-0.030325921,0.033849314,0.050753398,0.002764374,-0.007401458,0.041412046,0.017489834,0.020413037,-0.02608598,0.039571732,-0.155937758,-0.207275461,0.763289728,1.622027556,,,,,,,,
3,H24G,0.01146042,-0.024511458,-0.023807149,-0.01720911,-0.060241673,-0.009657341,-0.000471827,0.023392666,-0.013742003,-0.040919201,-0.008103714,-0.02192628,-0.025688018,-0.028224614,-0.006193606,-0.043527004,-0.076956341,1.099627807,1.736940857,,,,,,,,
4,H24F,0.020598952,0.020320945,-0.015905298,0.016190193,-0.818487096,-0.000809311,0.021397399,0.019800504,-0.001590688,-0.045411124,0.086053014,-0.01345311,-0.018357485,-0.008856131,0.041236516,-0.493981846,-1.142992345,1.074944348,1.574922918,,,,,,,,
5,H24I,0.008072384,-0.002722445,-0.039291543,-0.00968701,-0.359191243,-0.009312377,-0.001629498,0.017774265,-0.068626848,-0.019115145,0.013670255,-0.032591789,-0.045991296,-0.027839389,0.008465369,-0.292563068,-0.425819417,0.847920402,1.518735794,,,,,,,,
6,H24K,0.039887617,-0.002490981,-0.019397019,0.00610538,0.014469577,-0.003065117,0.052906255,0.026868978,0.164192036,-0.019079924,0.014097962,-0.013887172,-0.024906865,-0.007384306,0.019595066,0.029525026,-0.000585873,0.326024656,1.416118181,,,,,,,,
7,H24M,0.025373797,0.012340427,0.024713301,0.028739506,-0.224781293,-0.026146539,0.02684011,0.023907484,0.182675441,-0.006794296,0.031475149,0.00551956,0.043907042,0.010168857,0.047310154,-0.146503843,-0.303058742,1.110067341,1.894424063,,,,,,,,
8,H24L,-0.007130208,-0.024791695,-0.011061763,-0.011754145,-0.480346576,-0.001964848,-0.010297589,-0.003962826,0.00735616,-0.009807279,-0.03977611,0.009071989,-0.031195515,-0.006225547,-0.017282742,-0.306059807,-0.654633344,1.023505724,1.645245487,,,,,,,,
9,H24N,0.007222492,-0.010835478,0.016865982,0.007656297,-0.043093163,-0.008911973,-0.002849495,0.017294479,0.08085483,-0.010625522,-0.011045434,0.01749522,0.016236744,-0.014733888,0.030046481,-0.006558292,-0.079628033,0.995525066,2.060699369,,,,,,,,
10,H24Q,0.006029993,-0.008585199,0.004985719,-0.016438516,-0.135568334,0.001497615,0.00969967,0.002360316,-0.013783367,-0.010388462,-0.006781935,0.011864976,-0.001893539,-0.033507198,0.000630166,-0.084767134,-0.186369533,2.437793081,2.747970799,,,,,,,,
11,H24P,-0.133874583,-0.082345722,-0.072931638,-0.417904623,-1.010848138,0.67096666,-0.112957484,-0.154791682,-0.744292983,-0.129206405,-0.035485038,-0.084989922,-0.060873354,-0.19933237,-0.636476876,-0.924415785,-1.097280491,2.983480558,2.787875051,,,,,,,,
12,H24S,-0.008154447,-0.034115248,-0.020574225,-0.01582124,0.036166097,0.002793464,-0.024719945,0.008411051,-0.018904125,-0.030762357,-0.037468138,0.013887272,-0.055035722,-0.013632758,-0.018009721,0.068115045,0.004217149,2.225154604,2.659353477,,,,,,,,
13,H24R,0.01683236,-0.009190524,0.004127683,-0.004182925,-0.002526258,0.031088454,0.017507484,0.016157236,-0.079373389,-0.029775986,0.011394938,0.006579872,0.001675493,-0.023271806,0.014905956,-0.008315397,0.003262881,1.546473607,2.938183126,,,,,,,,
14,H24T,0.02039927,-0.01458811,-0.007601924,-0.004795582,-0.067187546,-0.022489463,0.018380054,0.022418486,-0.00299271,-0.037083703,0.007907483,-0.000237405,-0.014966443,-0.016221578,0.006630414,-0.04873158,-0.085643512,1.407678003,2.285347998,,,,,,,,
15,H24W,-0.006307298,-0.000633045,-0.029192701,-0.010615592,-1.347585961,-0.015026478,-0.006286516,-0.00632808,-0.038247648,-0.036022839,0.034756749,-0.031301744,-0.027083658,-0.030208583,0.0089774,-0.999196822,-1.695975099,1.04687351,1.421552326,,,,,,,,
16,H24V,0.026710718,-0.010529573,-0.005339989,0.006753803,-0.026874047,-0.005140612,0.022703225,0.03071821,0.05573437,-0.015589325,-0.005469821,-0.013335158,0.00265518,-0.013740954,0.02724856,-0.001619701,-0.052128393,1.224564307,2.138393446,,,,,,,,
17,H24Y,-0.021573751,-0.047011483,-0.023488168,-0.033551258,-0.88502515,-0.015438488,-0.030115288,-0.013032213,-0.034730469,-0.048617681,-0.045405285,-0.006905626,-0.04007071,-0.038534926,-0.02856759,-0.588959987,-1.181090312,1.921541658,2.138059625,,,,,,,,
18,P25A,-0.103866038,0.001748125,-0.004218662,-0.053582423,-1.642595093,0.120518217,-0.083327717,-0.124404359,0.014370958,0.034530088,-0.031033839,0.032673877,-0.0411112,-0.036225351,-0.070939495,-1.430707001,-1.854483185,2.467386436,2.150571057,,,,,,,,
19,P25C,-0.035211365,0.086712403,-0.068334711,0.009652236,-0.364138405,0.1279877,-0.020434406,-0.049988324,-0.054549701,0.101310071,0.072114734,-0.191309107,0.054639685,0.047170985,-0.027866513,-0.195560504,-0.532716305,1.9294107,2.312449074,,,,,,,,
20,P25E,-0.011457154,0.041199839,-0.0000543,-0.010716764,0.143257861,0.111450601,0.02865962,-0.051573928,-0.074597621,-0.01477754,0.097177218,-0.00321029,0.00310163,-0.008045502,-0.013388026,0.149960974,0.136554748,1.590983034,3.812283434,,,,,,,,
21,P25D,0.004797193,0.025658574,-0.060980488,-0.037705233,-0.028402505,0.046607841,-0.006968291,0.016562677,-0.029385042,0.006194666,0.045122482,-0.063908131,-0.058052845,-0.028843079,-0.046567387,0.016735672,-0.073540682,1.165591923,1.75016223,,,,,,,,
22,P25G,-0.02390934,0.00857487,0.02089776,-0.007906312,-0.969267861,0.039196438,-0.01376224,-0.034056439,0.015377403,-0.013636435,0.030786175,0.007073728,0.034721791,-0.011556967,-0.004255656,-0.649078606,-1.289457116,1.174220101,1.567403802,,,,,,,,
23,P25F,-0.012487661,-0.042772745,0.075685598,0.033886088,-0.199804031,0.066925464,-0.049121473,0.024146152,0.101493638,0.003571726,-0.089117216,0.083675768,0.067695427,0.024388934,0.043383241,-0.137551135,-0.262056927,0.964024176,1.704042231,,,,,,,,
24,P25I,-0.028071818,0.024272005,0.016421708,0.02703638,-0.073523836,0.021876117,0.048925754,-0.10506939,-0.045495239,0.030187245,0.018356764,0.070782746,-0.037939331,0.001924393,0.052148366,-0.047404682,-0.09964299,0.495339261,1.521717066,,,,,,,,
25,P25H,0.029477973,0.040318719,0.063971249,0.07258627,0.045784618,0.07333674,0.013637671,0.045318274,-0.003241712,0.074293521,0.006343916,0.083780657,0.044161841,0.137057045,0.008115495,0.106692283,-0.015123047,0.397834768,1.463720776,,,,,,,,
26,P25K,-0.066288891,0.117252092,0.009166947,0.072576088,0.135590499,0.020043081,-0.02721235,-0.105365432,-0.006021206,0.116714876,0.117789308,0.042032786,-0.023698892,0.154531417,-0.009379241,0.153679558,0.11750144,0.846087489,1.542000952,,,,,,,,
27,P25M,-0.09282261,0.029051416,0.006452597,0.039816967,-0.02836574,0.050932846,-0.052520568,-0.133124651,0.040635808,0.050526799,0.007576032,0.060013935,-0.047108741,0.117886074,-0.03825214,0.010015825,-0.066747305,0.188973702,1.759942865,,,,,,,,
28,P25L,-0.005307256,0.002001949,0.011836247,0.008659517,-0.211868922,0.064513297,-0.002101309,-0.008513203,0.015368952,0.00376092,0.000242977,-0.002386983,0.026059476,0.04727512,-0.029956087,-0.122705077,-0.301032767,1.945234964,2.369792706,,,,,,,,
29,P25N,-0.051559887,0.039733466,0.070335003,0.004724437,0.020640486,0.036064769,0.031452377,-0.13457215,-0.027886684,-0.035975711,0.115442642,0.031178818,0.109491187,0.01069026,-0.001241387,0.014249977,0.027030995,1.104388073,2.143068318,,,,,,,,
30,P25Q,0.138010463,0.011568189,0.063431807,0.108373029,-0.028213622,0.078609402,0.091898126,0.184122799,0.032167147,0.021135016,0.002001361,0.020337831,0.106525782,0.064379082,0.152366976,-0.019924656,-0.036502587,1.208210385,2.58900106,,,,,,,,
31,P25S,-0.039348434,0.004380082,-0.003944659,-0.018238771,-0.160130436,0.030006567,-0.013738251,-0.064958616,-0.055818152,-0.026092678,0.034852842,0.018987832,-0.026877149,0.006671651,-0.043149192,-0.150924537,-0.169336335,1.406720565,2.237189096,,,,,,,,
32,P25R,-0.013706154,0.005957286,-0.014669933,-0.046117531,0.054153993,0.156314831,-0.000248097,-0.02716421,-0.089279396,-0.021879775,0.033794347,-0.029032602,-0.000307263,-0.098906076,0.006671015,-0.002867978,0.111175963,1.251916214,2.535180898,,,,,,,,
33,P25T,-0.076933927,-0.007848001,-0.006919319,0.001024136,-0.091199948,0.000353426,-0.026131054,-0.127736799,-0.017982202,0.00335265,-0.019048652,-0.009112019,-0.004726618,0.013580427,-0.011532155,-0.04988034,-0.132519556,1.24094672,2.425970024,,,,,,,,
34,P25W,0.013600484,0.050044448,0.073206825,0.029595033,-0.109138595,0.030245566,-0.003221456,0.030422423,0.003972373,0.061866422,0.038222474,0.024107118,0.122306531,0.045284397,0.013905668,-0.051122111,-0.167155079,1.169687228,2.435839065,,,,,,,,
35,P25V,-0.027791513,0.025620063,0.022951329,-0.010637382,0.045912991,0.100840981,-0.022572752,-0.033010274,-0.052321226,0.014312122,0.036928004,0.015046284,0.030856374,-0.011038731,-0.010236033,0.047570831,0.04425515,1.129039789,2.788424151,,,,,,,,
36,P25Y,-0.094727201,-0.008258924,-0.022609935,-0.03167515,0.001744668,-0.082969713,-0.136345006,-0.053109395,0.015099744,-0.003688568,-0.01282928,0.029174483,-0.074394353,-0.013321733,-0.050028567,-0.006304549,0.009793885,1.228984057,2.537046097,,,,,,,,
