,mutant
0,Y32A
1,Y32C
2,Y32D
3,Y32E
4,Y32F
5,Y32G
6,Y32H
7,Y32I
8,Y32K
9,Y32L
10,Y32M
11,Y32N
12,Y32P
13,Y32Q
14,Y32R
15,Y32S
16,Y32T
17,Y32V
18,Y32W
19,Y32Y
20,M33A
21,M33C
22,M33D
23,M33E
24,M33F
25,M33G
26,M33H
27,M33I
28,M33K
29,M33L
30,M33M
31,M33N
32,M33P
33,M33Q
34,M33R
35,M33S
36,M33T
37,M33V
38,M33W
39,M33Y
40,H34A
41,H34C
42,H34D
43,H34E
44,H34F
45,H34G
46,H34H
47,H34I
48,H34K
49,H34L
50,H34M
51,H34N
52,H34P
53,H34Q
54,H34R
55,H34S
56,H34T
57,H34V
58,H34W
59,H34Y
60,W35A
61,W35C
62,W35D
63,W35E
64,W35F
65,W35G
66,W35H
67,W35I
68,W35K
69,W35L
70,W35M
71,W35N
72,W35P
73,W35Q
74,W35R
75,W35S
76,W35T
77,W35V
78,W35W
79,W35Y
80,V36A
81,V36C
82,V36D
83,V36E
84,V36F
85,V36G
86,V36H
87,V36I
88,V36K
89,V36L
90,V36M
91,V36N
92,V36P
93,V36Q
94,V36R
95,V36S
96,V36T
97,V36V
98,V36W
99,V36Y
100,R37A
101,R37C
102,R37D
103,R37E
104,R37F
105,R37G
106,R37H
107,R37I
108,R37K
109,R37L
110,R37M
111,R37N
112,R37P
113,R37Q
114,R37R
115,R37S
116,R37T
117,R37V
118,R37W
119,R37Y
120,Q38A
121,Q38C
122,Q38D
123,Q38E
124,Q38F
125,Q38G
126,Q38H
127,Q38I
128,Q38K
129,Q38L
130,Q38M
131,Q38N
132,Q38P
133,Q38Q
134,Q38R
135,Q38S
136,Q38T
137,Q38V
138,Q38W
139,Q38Y
140,A39A
141,A39C
142,A39D
143,A39E
144,A39F
145,A39G
146,A39H
147,A39I
148,A39K
149,A39L
150,A39M
151,A39N
152,A39P
153,A39Q
154,A39R
155,A39S
156,A39T
157,A39V
158,A39W
159,A39Y
160,P40A
161,P40C
162,P40D
163,P40E
164,P40F
165,P40G
166,P40H
167,P40I
168,P40K
169,P40L
170,P40M
171,P40N
172,P40P
173,P40Q
174,P40R
175,P40S
176,P40T
177,P40V
178,P40W
179,P40Y
180,G41A
181,G41C
182,G41D
183,G41E
184,G41F
185,G41G
186,G41H
187,G41I
188,G41K
189,G41L
190,G41M
191,G41N
192,G41P
193,G41Q
194,G41R
195,G41S
196,G41T
197,G41V
198,G41W
199,G41Y
200,Q42A
201,Q42C
202,Q42D
203,Q42E
204,Q42F
205,Q42G
206,Q42H
207,Q42I
208,Q42K
209,Q42L
210,Q42M
211,Q42N
212,Q42P
213,Q42Q
214,Q42R
215,Q42S
216,Q42T
217,Q42V
218,Q42W
219,Q42Y
220,G43A
221,G43C
222,G43D
223,G43E
224,G43F
225,G43G
226,G43H
227,G43I
228,G43K
229,G43L
230,G43M
231,G43N
232,G43P
233,G43Q
234,G43R
235,G43S
236,G43T
237,G43V
238,G43W
239,G43Y
240,L44A
241,L44C
242,L44D
243,L44E
244,L44F
245,L44G
246,L44H
247,L44I
248,L44K
249,L44L
250,L44M
251,L44N
252,L44P
253,L44Q
254,L44R
255,L44S
256,L44T
257,L44V
258,L44W
259,L44Y
260,E45A
261,E45C
262,E45D
263,E45E
264,E45F
265,E45G
266,E45H
267,E45I
268,E45K
269,E45L
270,E45M
271,E45N
272,E45P
273,E45Q
274,E45R
275,E45S
276,E45T
277,E45V
278,E45W
279,E45Y
280,W46A
281,W46C
282,W46D
283,W46E
284,W46F
285,W46G
286,W46H
287,W46I
288,W46K
289,W46L
290,W46M
291,W46N
292,W46P
293,W46Q
294,W46R
295,W46S
296,W46T
297,W46V
298,W46W
299,W46Y
300,M47A
301,M47C
302,M47D
303,M47E
304,M47F
305,M47G
306,M47H
307,M47I
308,M47K
309,M47L
310,M47M
311,M47N
312,M47P
313,M47Q
314,M47R
315,M47S
316,M47T
317,M47V
318,M47W
319,M47Y
320,G48A
321,G48C
322,G48D
323,G48E
324,G48F
325,G48G
326,G48H
327,G48I
328,G48K
329,G48L
330,G48M
331,G48N
332,G48P
333,G48Q
334,G48R
335,G48S
336,G48T
337,G48V
338,G48W
339,G48Y
340,R49A
341,R49C
342,R49D
343,R49E
344,R49F
345,R49G
346,R49H
347,R49I
348,R49K
349,R49L
350,R49M
351,R49N
352,R49P
353,R49Q
354,R49R
355,R49S
356,R49T
357,R49V
358,R49W
359,R49Y
360,V50A
361,V50C
362,V50D
363,V50E
364,V50F
365,V50G
366,V50H
367,V50I
368,V50K
369,V50L
370,V50M
371,V50N
372,V50P
373,V50Q
374,V50R
375,V50S
376,V50T
377,V50V
378,V50W
379,V50Y
380,N51A
381,N51C
382,N51D
383,N51E
384,N51F
385,N51G
386,N51H
387,N51I
388,N51K
389,N51L
390,N51M
391,N51N
392,N51P
393,N51Q
394,N51R
395,N51S
396,N51T
397,N51V
398,N51W
399,N51Y
400,P52A
401,P52C
402,P52D
403,P52E
404,P52F
405,P52G
406,P52H
407,P52I
408,P52K
409,P52L
410,P52M
411,P52N
412,P52P
413,P52Q
414,P52R
415,P52S
416,P52T
417,P52V
418,P52W
419,P52Y
420,N53A
421,N53C
422,N53D
423,N53E
424,N53F
425,N53G
426,N53H
427,N53I
428,N53K
429,N53L
430,N53M
431,N53N
432,N53P
433,N53Q
434,N53R
435,N53S
436,N53T
437,N53V
438,N53W
439,N53Y
440,G54A
441,G54C
442,G54D
443,G54E
444,G54F
445,G54G
446,G54H
447,G54I
448,G54K
449,G54L
450,G54M
451,G54N
452,G54P
453,G54Q
454,G54R
455,G54S
456,G54T
457,G54V
458,G54W
459,G54Y
460,R55A
461,R55C
462,R55D
463,R55E
464,R55F
465,R55G
466,R55H
467,R55I
468,R55K
469,R55L
470,R55M
471,R55N
472,R55P
473,R55Q
474,R55R
475,R55S
476,R55T
477,R55V
478,R55W
479,R55Y
480,G56A
481,G56C
482,G56D
483,G56E
484,G56F
485,G56G
486,G56H
487,G56I
488,G56K
489,G56L
490,G56M
491,G56N
492,G56P
493,G56Q
494,G56R
495,G56S
496,G56T
497,G56V
498,G56W
499,G56Y
500,T57A
501,T57C
502,T57D
503,T57E
504,T57F
505,T57G
506,T57H
507,T57I
508,T57K
509,T57L
510,T57M
511,T57N
512,T57P
513,T57Q
514,T57R
515,T57S
516,T57T
517,T57V
518,T57W
519,T57Y
520,T58A
521,T58C
522,T58D
523,T58E
524,T58F
525,T58G
526,T58H
527,T58I
528,T58K
529,T58L
530,T58M
531,T58N
532,T58P
533,T58Q
534,T58R
535,T58S
536,T58T
537,T58V
538,T58W
539,T58Y
540,Y59A
541,Y59C
542,Y59D
543,Y59E
544,Y59F
545,Y59G
546,Y59H
547,Y59I
548,Y59K
549,Y59L
550,Y59M
551,Y59N
552,Y59P
553,Y59Q
554,Y59R
555,Y59S
556,Y59T
557,Y59V
558,Y59W
559,Y59Y
560,N60A
561,N60C
562,N60D
563,N60E
564,N60F
565,N60G
566,N60H
567,N60I
568,N60K
569,N60L
570,N60M
571,N60N
572,N60P
573,N60Q
574,N60R
575,N60S
576,N60T
577,N60V
578,N60W
579,N60Y
580,Q61A
581,Q61C
582,Q61D
583,Q61E
584,Q61F
585,Q61G
586,Q61H
587,Q61I
588,Q61K
589,Q61L
590,Q61M
591,Q61N
592,Q61P
593,Q61Q
594,Q61R
595,Q61S
596,Q61T
597,Q61V
598,Q61W
599,Q61Y
600,K62A
601,K62C
602,K62D
603,K62E
604,K62F
605,K62G
606,K62H
607,K62I
608,K62K
609,K62L
610,K62M
611,K62N
612,K62P
613,K62Q
614,K62R
615,K62S
616,K62T
617,K62V
618,K62W
619,K62Y
620,F63A
621,F63C
622,F63D
623,F63E
624,F63F
625,F63G
626,F63H
627,F63I
628,F63K
629,F63L
630,F63M
631,F63N
632,F63P
633,F63Q
634,F63R
635,F63S
636,F63T
637,F63V
638,F63W
639,F63Y
640,E64A
641,E64C
642,E64D
643,E64E
644,E64F
645,E64G
646,E64H
647,E64I
648,E64K
649,E64L
650,E64M
651,E64N
652,E64P
653,E64Q
654,E64R
655,E64S
656,E64T
657,E64V
658,E64W
659,E64Y
660,G65A
661,G65C
662,G65D
663,G65E
664,G65F
665,G65G
666,G65H
667,G65I
668,G65K
669,G65L
670,G65M
671,G65N
672,G65P
673,G65Q
674,G65R
675,G65S
676,G65T
677,G65V
678,G65W
679,G65Y
680,R66A
681,R66C
682,R66D
683,R66E
684,R66F
685,R66G
686,R66H
687,R66I
688,R66K
689,R66L
690,R66M
691,R66N
692,R66P
693,R66Q
694,R66R
695,R66S
696,R66T
697,R66V
698,R66W
699,R66Y
700,V67A
701,V67C
702,V67D
703,V67E
704,V67F
705,V67G
706,V67H
707,V67I
708,V67K
709,V67L
710,V67M
711,V67N
712,V67P
713,V67Q
714,V67R
715,V67S
716,V67T
717,V67V
718,V67W
719,V67Y
720,T68A
721,T68C
722,T68D
723,T68E
724,T68F
725,T68G
726,T68H
727,T68I
728,T68K
729,T68L
730,T68M
731,T68N
732,T68P
733,T68Q
734,T68R
735,T68S
736,T68T
737,T68V
738,T68W
739,T68Y
740,M69A
741,M69C
742,M69D
743,M69E
744,M69F
745,M69G
746,M69H
747,M69I
748,M69K
749,M69L
750,M69M
751,M69N
752,M69P
753,M69Q
754,M69R
755,M69S
756,M69T
757,M69V
758,M69W
759,M69Y
760,T70A
761,T70C
762,T70D
763,T70E
764,T70F
765,T70G
766,T70H
767,T70I
768,T70K
769,T70L
770,T70M
771,T70N
772,T70P
773,T70Q
774,T70R
775,T70S
776,T70T
777,T70V
778,T70W
779,T70Y
780,T71A
781,T71C
782,T71D
783,T71E
784,T71F
785,T71G
786,T71H
787,T71I
788,T71K
789,T71L
790,T71M
791,T71N
792,T71P
793,T71Q
794,T71R
795,T71S
796,T71T
797,T71V
798,T71W
799,T71Y
800,D72A
801,D72C
802,D72D
803,D72E
804,D72F
805,D72G
806,D72H
807,D72I
808,D72K
809,D72L
810,D72M
811,D72N
812,D72P
813,D72Q
814,D72R
815,D72S
816,D72T
817,D72V
818,D72W
819,D72Y
820,T73A
821,T73C
822,T73D
823,T73E
824,T73F
825,T73G
826,T73H
827,T73I
828,T73K
829,T73L
830,T73M
831,T73N
832,T73P
833,T73Q
834,T73R
835,T73S
836,T73T
837,T73V
838,T73W
839,T73Y
840,S74A
841,S74C
842,S74D
843,S74E
844,S74F
845,S74G
846,S74H
847,S74I
848,S74K
849,S74L
850,S74M
851,S74N
852,S74P
853,S74Q
854,S74R
855,S74S
856,S74T
857,S74V
858,S74W
859,S74Y
860,T75A
861,T75C
862,T75D
863,T75E
864,T75F
865,T75G
866,T75H
867,T75I
868,T75K
869,T75L
870,T75M
871,T75N
872,T75P
873,T75Q
874,T75R
875,T75S
876,T75T
877,T75V
878,T75W
879,T75Y
880,S76A
881,S76C
882,S76D
883,S76E
884,S76F
885,S76G
886,S76H
887,S76I
888,S76K
889,S76L
890,S76M
891,S76N
892,S76P
893,S76Q
894,S76R
895,S76S
896,S76T
897,S76V
898,S76W
899,S76Y
900,T77A
901,T77C
902,T77D
903,T77E
904,T77F
905,T77G
906,T77H
907,T77I
908,T77K
909,T77L
910,T77M
911,T77N
912,T77P
913,T77Q
914,T77R
915,T77S
916,T77T
917,T77V
918,T77W
919,T77Y
920,A78A
921,A78C
922,A78D
923,A78E
924,A78F
925,A78G
926,A78H
927,A78I
928,A78K
929,A78L
930,A78M
931,A78N
932,A78P
933,A78Q
934,A78R
935,A78S
936,A78T
937,A78V
938,A78W
939,A78Y
940,Y79A
941,Y79C
942,Y79D
943,Y79E
944,Y79F
945,Y79G
946,Y79H
947,Y79I
948,Y79K
949,Y79L
950,Y79M
951,Y79N
952,Y79P
953,Y79Q
954,Y79R
955,Y79S
956,Y79T
957,Y79V
958,Y79W
959,Y79Y
960,M80A
961,M80C
962,M80D
963,M80E
964,M80F
965,M80G
966,M80H
967,M80I
968,M80K
969,M80L
970,M80M
971,M80N
972,M80P
973,M80Q
974,M80R
975,M80S
976,M80T
977,M80V
978,M80W
979,M80Y
980,E81A
981,E81C
982,E81D
983,E81E
984,E81F
985,E81G
986,E81H
987,E81I
988,E81K
989,E81L
990,E81M
991,E81N
992,E81P
993,E81Q
994,E81R
995,E81S
996,E81T
997,E81V
998,E81W
999,E81Y
1000,L82A
1001,L82C
1002,L82D
1003,L82E
1004,L82F
1005,L82G
1006,L82H
1007,L82I
1008,L82K
1009,L82L
1010,L82M
1011,L82N
1012,L82P
1013,L82Q
1014,L82R
1015,L82S
1016,L82T
1017,L82V
1018,L82W
1019,L82Y
1020,R83A
1021,R83C
1022,R83D
1023,R83E
1024,R83F
1025,R83G
1026,R83H
1027,R83I
1028,R83K
1029,R83L
1030,R83M
1031,R83N
1032,R83P
1033,R83Q
1034,R83R
1035,R83S
1036,R83T
1037,R83V
1038,R83W
1039,R83Y
1040,S84A
1041,S84C
1042,S84D
1043,S84E
1044,S84F
1045,S84G
1046,S84H
1047,S84I
1048,S84K
1049,S84L
1050,S84M
1051,S84N
1052,S84P
1053,S84Q
1054,S84R
1055,S84S
1056,S84T
1057,S84V
1058,S84W
1059,S84Y
1060,L85A
1061,L85C
1062,L85D
1063,L85E
1064,L85F
1065,L85G
1066,L85H
1067,L85I
1068,L85K
1069,L85L
1070,L85M
1071,L85N
1072,L85P
1073,L85Q
1074,L85R
1075,L85S
1076,L85T
1077,L85V
1078,L85W
1079,L85Y
1080,R86A
1081,R86C
1082,R86D
1083,R86E
1084,R86F
1085,R86G
1086,R86H
1087,R86I
1088,R86K
1089,R86L
1090,R86M
1091,R86N
1092,R86P
1093,R86Q
1094,R86R
1095,R86S
1096,R86T
1097,R86V
1098,R86W
1099,R86Y
1100,S87A
1101,S87C
1102,S87D
1103,S87E
1104,S87F
1105,S87G
1106,S87H
1107,S87I
1108,S87K
1109,S87L
1110,S87M
1111,S87N
1112,S87P
1113,S87Q
1114,S87R
1115,S87S
1116,S87T
1117,S87V
1118,S87W
1119,S87Y
1120,D88A
1121,D88C
1122,D88D
1123,D88E
1124,D88F
1125,D88G
1126,D88H
1127,D88I
1128,D88K
1129,D88L
1130,D88M
1131,D88N
1132,D88P
1133,D88Q
1134,D88R
1135,D88S
1136,D88T
1137,D88V
1138,D88W
1139,D88Y
1140,D89A
1141,D89C
1142,D89D
1143,D89E
1144,D89F
1145,D89G
1146,D89H
1147,D89I
1148,D89K
1149,D89L
1150,D89M
1151,D89N
1152,D89P
1153,D89Q
1154,D89R
1155,D89S
1156,D89T
1157,D89V
1158,D89W
1159,D89Y
1160,T90A
1161,T90C
1162,T90D
1163,T90E
1164,T90F
1165,T90G
1166,T90H
1167,T90I
1168,T90K
1169,T90L
1170,T90M
1171,T90N
1172,T90P
1173,T90Q
1174,T90R
1175,T90S
1176,T90T
1177,T90V
1178,T90W
1179,T90Y
1180,A91A
1181,A91C
1182,A91D
1183,A91E
1184,A91F
1185,A91G
1186,A91H
1187,A91I
1188,A91K
1189,A91L
1190,A91M
1191,A91N
1192,A91P
1193,A91Q
1194,A91R
1195,A91S
1196,A91T
1197,A91V
1198,A91W
1199,A91Y
1200,V92A
1201,V92C
1202,V92D
1203,V92E
1204,V92F
1205,V92G
1206,V92H
1207,V92I
1208,V92K
1209,V92L
1210,V92M
1211,V92N
1212,V92P
1213,V92Q
1214,V92R
1215,V92S
1216,V92T
1217,V92V
1218,V92W
1219,V92Y
1220,Y93A
1221,Y93C
1222,Y93D
1223,Y93E
1224,Y93F
1225,Y93G
1226,Y93H
1227,Y93I
1228,Y93K
1229,Y93L
1230,Y93M
1231,Y93N
1232,Y93P
1233,Y93Q
1234,Y93R
1235,Y93S
1236,Y93T
1237,Y93V
1238,Y93W
1239,Y93Y
1240,Y94A
1241,Y94C
1242,Y94D
1243,Y94E
1244,Y94F
1245,Y94G
1246,Y94H
1247,Y94I
1248,Y94K
1249,Y94L
1250,Y94M
1251,Y94N
1252,Y94P
1253,Y94Q
1254,Y94R
1255,Y94S
1256,Y94T
1257,Y94V
1258,Y94W
1259,Y94Y
1260,C95A
1261,C95C
1262,C95D
1263,C95E
1264,C95F
1265,C95G
1266,C95H
1267,C95I
1268,C95K
1269,C95L
1270,C95M
1271,C95N
1272,C95P
1273,C95Q
1274,C95R
1275,C95S
1276,C95T
1277,C95V
1278,C95W
1279,C95Y
1280,A96A
1281,A96C
1282,A96D
1283,A96E
1284,A96F
1285,A96G
1286,A96H
1287,A96I
1288,A96K
1289,A96L
1290,A96M
1291,A96N
1292,A96P
1293,A96Q
1294,A96R
1295,A96S
1296,A96T
1297,A96V
1298,A96W
1299,A96Y
1300,R97A
1301,R97C
1302,R97D
1303,R97E
1304,R97F
1305,R97G
1306,R97H
1307,R97I
1308,R97K
1309,R97L
1310,R97M
1311,R97N
1312,R97P
1313,R97Q
1314,R97R
1315,R97S
1316,R97T
1317,R97V
1318,R97W
1319,R97Y
1320,S98A
1321,S98C
1322,S98D
1323,S98E
1324,S98F
1325,S98G
1326,S98H
1327,S98I
1328,S98K
1329,S98L
1330,S98M
1331,S98N
1332,S98P
1333,S98Q
1334,S98R
1335,S98S
1336,S98T
1337,S98V
1338,S98W
1339,S98Y
1340,N99A
1341,N99C
1342,N99D
1343,N99E
1344,N99F
1345,N99G
1346,N99H
1347,N99I
1348,N99K
1349,N99L
1350,N99M
1351,N99N
1352,N99P
1353,N99Q
1354,N99R
1355,N99S
1356,N99T
1357,N99V
1358,N99W
1359,N99Y
1360,L100A
1361,L100C
1362,L100D
1363,L100E
1364,L100F
1365,L100G
1366,L100H
1367,L100I
1368,L100K
1369,L100L
1370,L100M
1371,L100N
1372,L100P
1373,L100Q
1374,L100R
1375,L100S
1376,L100T
1377,L100V
1378,L100W
1379,L100Y
1380,L101A
1381,L101C
1382,L101D
1383,L101E
1384,L101F
1385,L101G
1386,L101H
1387,L101I
1388,L101K
1389,L101L
1390,L101M
1391,L101N
1392,L101P
1393,L101Q
1394,L101R
1395,L101S
1396,L101T
1397,L101V
1398,L101W
1399,L101Y
1400,D102A
1401,D102C
1402,D102D
1403,D102E
1404,D102F
1405,D102G
1406,D102H
1407,D102I
1408,D102K
1409,D102L
1410,D102M
1411,D102N
1412,D102P
1413,D102Q
1414,D102R
1415,D102S
1416,D102T
1417,D102V
1418,D102W
1419,D102Y
1420,D103A
1421,D103C
1422,D103D
1423,D103E
1424,D103F
1425,D103G
1426,D103H
1427,D103I
1428,D103K
1429,D103L
1430,D103M
1431,D103N
1432,D103P
1433,D103Q
1434,D103R
1435,D103S
1436,D103T
1437,D103V
1438,D103W
1439,D103Y
